name,type,rarity,remodel_level,speed,slots,slot_size_1,slot_size_2,slot_size_3,slot_size_4,build_time,scrap_fuel,scrap_ammo,scrap_steel,scrap_baux,firepower_mod,torpedo_mod,aa_mod,armor_mod,hp,hp_max,armor,armor_max,firepower,firepower_max,torpedo,torpedo_max,aa,aa_max,luck,luck_max,fuel,ammo,remodel_steel,remodel_ammo
Nagato,9,7,30,5,4,3,3,3,3,300,10,20,40,3,5,0,1,4,80,94,75,89,82,99,0,0,31,89,20,79,100,130,800,900
Nagato Kai,9,7,0,5,4,3,3,3,3,300,20,30,50,3,5,0,2,5,90,98,85,98,90,99,0,0,33,99,32,99,100,160,0,0
Mutsu,9,7,30,5,4,3,3,3,3,300,10,20,40,3,5,0,1,4,80,94,75,89,82,99,0,0,31,89,3,39,100,130,800,900
Mutsu Kai,9,7,0,5,4,3,3,3,3,300,20,30,50,3,5,0,2,5,90,98,85,98,90,99,0,0,33,99,6,59,100,160,0,0
Ise,9,5,10,5,4,3,3,3,3,270,9,18,37,3,4,0,1,4,74,89,70,89,74,89,0,0,28,79,15,69,85,120,500,150
Ise Kai,10,6,0,5,4,11,11,11,14,270,10,15,36,3,4,0,3,4,77,89,74,92,63,79,0,0,45,89,30,79,95,105,0,0
Hyuuga,9,5,10,5,4,3,3,3,3,270,9,18,37,3,4,0,1,4,74,89,70,89,74,94,0,0,28,79,15,69,85,120,500,150
Hyuuga Kai,10,6,0,5,4,11,11,11,14,270,10,15,36,3,4,0,3,4,77,89,74,92,63,79,0,0,45,89,30,79,95,105,0,0
Yukikaze,2,6,20,10,2,0,0,0,0,24,1,1,6,0,0,1,1,1,16,39,7,29,10,29,24,79,12,49,50,99,15,20,100,100
Yukikaze Kai,2,6,0,10,3,0,0,0,0,24,1,2,10,0,1,1,2,2,32,49,14,59,12,59,28,89,16,59,60,99,15,20,0,0
Akagi,11,6,30,10,4,18,18,27,10,270,8,12,30,7,0,0,5,3,69,79,28,54,0,39,0,0,32,69,12,49,60,55,700,300
Akagi Kai,11,7,0,10,4,20,20,32,10,270,10,15,35,12,0,0,5,4,77,92,40,79,0,49,0,0,35,79,12,59,75,75,0,0
Kaga,11,5,30,10,4,18,18,45,12,260,8,14,32,9,0,0,5,3,71,89,29,59,0,39,0,0,28,69,10,49,60,55,750,300
Kaga Kai,11,6,0,10,4,20,20,46,12,260,10,17,40,15,0,0,5,4,79,92,40,79,0,49,0,0,30,79,12,59,80,80,0,0
Souryuu,11,5,30,10,4,12,27,18,7,250,7,10,26,6,0,0,4,3,50,79,27,49,0,29,0,0,26,69,10,49,50,50,650,300
Souryuu Kai,11,6,78,10,4,18,27,18,10,250,9,13,30,10,0,0,4,4,65,89,35,69,0,39,0,0,30,79,12,59,65,65,1200,1700
Hiryuu,11,6,30,10,4,12,27,18,7,250,7,10,26,6,0,0,4,3,50,79,27,49,0,29,0,0,26,69,35,89,50,50,650,300
Hiryuu Kai,11,7,77,10,4,18,27,18,10,250,9,13,30,10,0,0,4,4,65,89,35,69,0,39,0,0,30,79,40,89,65,65,1200,1700
Shimakaze,2,6,20,10,2,0,0,0,0,30,1,1,5,0,0,2,1,1,19,39,8,29,12,29,45,89,14,49,10,49,20,25,120,100
Shimakaze Kai,2,6,0,10,3,0,0,0,0,30,1,3,15,0,1,2,1,2,36,59,14,59,14,59,48,99,16,59,12,59,20,25,0,0
Fubuki,2,3,20,10,2,0,0,0,0,20,1,1,5,0,1,1,0,0,15,29,5,19,10,29,27,79,10,39,17,49,15,20,100,100
Fubuki Kai,2,4,70,10,3,0,0,0,0,20,1,2,10,0,1,1,1,1,30,49,13,49,12,49,28,79,15,49,12,49,15,20,230,270
Fubuki Kai2,2,6,0,10,3,0,0,0,0,20,1,2,10,0,2,2,1,1,31,49,14,50,15,59,30,88,35,78,17,77,15,20,0,0
Shirayuki,2,2,20,10,2,0,0,0,0,20,1,1,5,0,0,1,0,0,15,29,5,19,10,29,27,69,10,39,10,49,15,20,100,100
Shirayuki Kai,2,4,0,10,3,0,0,0,0,20,1,2,10,0,1,1,1,1,30,49,13,49,12,49,28,79,15,49,12,49,15,20,0,0
Hatsuyuki,2,1,20,10,2,0,0,0,0,20,1,1,5,0,0,1,0,0,15,29,5,19,10,29,27,69,10,39,10,49,15,20,100,100
Hatsuyuki Kai,2,4,0,10,3,0,0,0,0,20,1,2,10,0,1,1,1,1,30,49,13,49,12,49,28,79,15,49,12,49,15,20,0,0
Miyuki,2,2,20,10,2,0,0,0,0,20,1,1,5,0,0,1,0,0,15,29,5,19,10,29,27,69,10,39,10,49,15,20,100,100
Miyuki Kai,2,4,0,10,3,0,0,0,0,20,1,2,10,0,1,1,1,1,30,49,13,49,12,49,28,79,15,49,12,49,15,20,0,0
Murakumo,2,2,20,10,2,0,0,0,0,20,1,1,5,0,0,1,0,0,15,29,5,19,10,29,27,69,10,39,10,49,15,20,100,100
Murakumo Kai,2,4,70,10,3,0,0,0,0,20,1,2,10,0,1,1,1,1,30,49,13,49,12,49,28,79,15,49,12,49,15,20,210,250
Murakumo Kai2,2,6,0,10,3,0,0,0,0,22,1,2,10,0,1,2,1,1,31,49,14,50,14,55,32,89,27,74,15,57,15,20,0,0
Isonami,2,1,20,10,2,0,0,0,0,20,1,1,5,0,0,1,0,0,15,29,5,19,10,29,27,69,10,39,10,49,15,20,100,100
Isonami Kai,2,4,0,10,3,0,0,0,0,20,1,2,10,0,1,1,1,1,30,49,13,49,12,49,28,79,15,49,12,49,15,20,0,0
Ayanami,2,3,20,10,2,0,0,0,0,20,1,1,5,0,1,1,0,0,15,29,5,19,10,29,27,79,12,39,12,49,15,20,100,100
Ayanami Kai,2,4,70,10,3,0,0,0,0,20,1,2,10,0,1,1,1,1,30,49,13,49,12,49,28,79,15,49,12,49,15,20,200,280
Shikinami,2,2,20,10,2,0,0,0,0,20,1,1,5,0,0,1,0,0,15,29,5,19,10,29,27,69,12,39,10,49,15,20,100,100
Shikinami Kai,2,4,0,10,3,0,0,0,0,20,1,2,10,0,1,1,1,1,30,49,13,49,12,49,28,79,15,49,12,49,15,20,0,0
Ooi,3,5,10,10,2,0,0,0,0,60,2,2,9,0,0,1,0,1,25,39,11,29,14,49,24,89,13,59,17,49,25,25,100,400
Ooi Kai,4,6,50,10,2,0,0,0,0,75,2,6,9,0,0,4,0,1,32,49,12,39,8,39,80,99,13,39,10,49,25,50,400,770
Ooi Kai2,4,7,0,10,3,0,0,0,0,75,2,9,9,0,1,5,0,1,43,59,23,63,17,63,90,139,15,49,13,49,25,75,0,0
Kitakami,3,4,10,10,2,0,0,0,0,60,2,2,9,0,0,1,0,1,25,39,10,29,14,39,24,79,13,49,15,69,25,25,100,400
Kitakami Kai,4,6,50,10,2,0,0,0,0,75,2,6,9,0,0,4,0,1,32,49,12,39,8,39,80,99,13,39,15,69,25,50,400,770
Kitakami Kai2,4,7,0,10,3,0,0,0,0,75,2,6,9,0,1,5,0,1,43,59,23,63,17,63,90,139,15,49,30,79,25,75,0,0
Kongou,8,5,25,10,3,3,3,3,0,240,10,14,33,3,3,0,1,3,63,79,52,69,63,89,0,0,24,69,12,49,80,110,400,600
Kongou Kai,8,6,75,10,4,3,3,3,3,240,10,14,33,3,4,0,2,3,75,89,67,89,72,94,0,0,28,79,12,69,90,120,2400,2400
Kongou Kai2,8,7,0,10,4,3,3,3,3,240,10,14,33,3,4,0,2,4,82,99,70,94,76,98,0,0,30,84,15,79,100,125,0,0
Hiei,8,5,25,10,3,3,3,3,0,240,10,14,33,3,3,0,1,3,63,79,52,69,63,89,0,0,24,69,10,49,80,110,400,600
Hiei Kai,8,6,75,10,4,3,3,3,3,240,10,14,33,3,4,0,2,3,75,89,67,89,72,94,0,0,28,79,12,69,90,120,2400,2400
Hiei Kai2,8,7,0,10,4,3,3,3,3,240,10,14,33,3,4,0,2,4,83,99,72,95,76,98,0,0,30,82,13,79,100,125,0,0
Haruna,8,5,25,10,3,3,3,3,0,240,10,14,33,3,3,0,1,3,63,79,52,69,63,89,0,0,24,69,15,69,80,110,400,600
Haruna Kai,8,6,80,10,4,3,3,3,3,240,10,14,33,3,4,0,2,3,75,89,67,89,72,94,0,0,28,79,20,69,90,120,2400,2400
Kirishima,8,5,25,10,3,3,3,3,0,240,10,14,33,3,3,0,1,3,63,79,52,69,63,89,0,0,24,69,10,49,80,110,400,600
Kirishima Kai,8,6,75,10,4,3,3,3,3,240,10,14,33,3,4,0,2,3,75,89,67,89,72,94,0,0,28,79,12,69,90,120,2400,2400
Kirishima Kai2,8,7,0,10,4,3,3,3,3,240,10,14,33,3,4,0,2,4,82,99,70,92,78,104,0,0,30,82,14,79,100,125,0,0
Houshou,7,3,25,5,2,8,11,0,0,120,2,1,12,2,0,0,1,2,30,49,15,39,0,19,0,0,10,29,20,69,25,25,350,150
Houshou Kai,7,4,0,5,3,14,16,12,0,120,3,4,15,4,0,0,2,2,40,59,25,49,0,29,0,0,15,39,30,79,30,30,0,0
Fusou,9,4,20,5,4,3,3,3,3,260,9,18,36,3,4,0,1,3,67,89,59,79,74,94,0,0,23,79,5,39,85,120,500,150
Fusou Kai,10,5,80,5,4,10,10,10,10,260,10,15,35,3,4,0,2,4,75,89,72,89,63,79,0,0,40,89,10,59,95,105,3500,2400
Yamashiro,9,4,20,5,4,3,3,3,3,260,9,18,36,3,4,0,1,3,67,89,59,79,74,94,0,0,23,79,5,39,85,120,500,150
Yamashiro Kai,10,5,80,5,4,10,10,10,10,260,10,15,35,3,4,0,2,4,75,89,72,89,63,79,0,0,40,89,10,59,95,105,3500,2400
Tenryuu,3,3,20,10,2,0,0,0,0,60,1,1,8,0,0,1,0,1,23,35,7,29,11,39,18,59,8,39,17,49,25,20,150,200
Tenryuu Kai,3,4,0,10,3,0,0,0,0,60,1,1,8,0,1,1,1,2,40,54,28,59,20,59,24,79,12,49,12,59,25,25,0,0
Tatsuta,3,3,20,10,2,0,0,0,0,60,1,1,8,0,0,1,0,1,23,35,7,29,11,39,18,59,8,39,17,49,25,20,150,200
Tatsuta Kai,3,4,0,10,3,0,0,0,0,60,1,1,8,0,1,1,1,2,40,54,28,59,20,59,24,79,12,49,12,59,25,25,0,0
Ryuujou,7,4,25,10,3,9,24,5,0,170,2,2,14,4,0,0,2,2,31,54,17,39,0,19,0,0,16,29,10,49,35,35,400,220
Ryuujou Kai,7,5,75,10,4,9,24,5,5,170,4,6,20,6,0,0,3,2,45,69,25,59,0,29,0,0,20,39,12,59,40,40,600,600
Mutsuki,2,3,20,10,2,0,0,0,0,18,1,1,4,0,1,1,0,0,13,24,5,18,6,29,18,59,7,29,12,49,15,15,100,100
Mutsuki Kai,2,4,65,10,3,0,0,0,0,18,1,1,4,0,1,1,0,0,24,39,11,39,9,39,18,69,12,39,12,59,15,15,170,100
Mutsuki Kai2,2,6,0,10,3,0,0,0,0,18,1,2,7,0,1,2,1,0,27,43,12,43,10,45,28,79,16,56,14,64,15,15,0,0
Kisaragi,2,2,20,10,2,0,0,0,0,18,1,1,4,0,0,1,0,0,13,24,5,18,6,29,18,49,7,29,10,49,15,15,100,100
Kisaragi Kai,2,4,65,10,3,0,0,0,0,18,1,1,4,0,0,1,0,0,24,39,11,39,9,39,18,69,12,39,12,59,15,15,170,100
Kisaragi Kai2,2,6,0,10,3,0,0,0,0,18,1,2,7,0,1,2,1,0,27,43,12,43,10,46,28,80,18,57,13,60,15,15,0,0
Satsuki,2,2,20,10,2,0,0,0,0,18,1,1,4,0,0,1,0,0,13,24,5,18,6,29,18,49,7,29,10,49,15,15,100,100
Satsuki Kai,2,4,0,10,3,0,0,0,0,18,1,1,4,0,0,1,0,0,24,39,11,39,9,39,18,69,12,39,12,59,15,15,0,0
Fumizuki,2,2,20,10,2,0,0,0,0,18,1,1,4,0,0,1,0,0,13,24,5,18,6,29,18,49,7,29,10,49,15,15,100,100
Fumizuki Kai,2,4,0,10,3,0,0,0,0,18,1,1,4,0,0,1,0,0,24,39,11,39,9,39,18,69,12,39,12,59,15,15,0,0
Nagatsuki,2,2,20,10,2,0,0,0,0,18,1,1,4,0,0,1,0,0,13,24,5,18,6,29,18,49,7,29,15,69,15,15,100,100
Nagatsuki Kai,2,4,0,10,3,0,0,0,0,18,1,1,4,0,0,1,0,0,24,39,11,39,9,39,18,69,12,39,20,79,15,15,0,0
Kikuzuki,2,1,20,10,2,0,0,0,0,18,1,1,4,0,0,1,0,0,13,24,5,18,6,29,18,49,7,29,10,49,15,15,100,100
Kikuzuki Kai,2,4,0,10,3,0,0,0,0,18,1,1,4,0,0,1,0,0,24,39,11,39,9,39,18,69,12,39,12,59,15,15,0,0
Mikazuki,2,1,20,10,2,0,0,0,0,18,1,1,4,0,0,1,0,0,13,24,5,18,6,29,18,49,7,29,10,49,15,15,100,100
Mikazuki Kai,2,4,0,10,3,0,0,0,0,18,1,1,4,0,0,1,0,0,24,39,11,39,9,39,18,69,12,39,12,59,15,15,0,0
Mochizuki,2,1,20,10,2,0,0,0,0,18,1,1,4,0,0,1,0,0,13,24,5,18,6,29,18,49,7,29,10,49,15,15,100,100
Mochizuki Kai,2,4,0,10,3,0,0,0,0,18,1,1,4,0,0,1,0,0,24,39,11,39,9,39,18,69,12,39,12,59,15,15,0,0
Kuma,3,4,20,10,2,1,1,0,0,60,2,2,10,0,0,1,0,2,25,39,10,29,14,49,24,89,13,59,12,49,25,25,200,200
Kuma Kai,3,5,0,10,3,1,1,1,0,60,2,2,10,0,2,1,1,2,42,59,29,69,20,69,24,89,15,69,12,59,25,30,0,0
Tama,3,2,20,10,2,1,1,0,0,60,2,2,10,0,0,1,0,1,25,39,10,29,14,39,24,79,13,49,10,49,25,25,200,200
Tama Kai,3,4,0,10,3,1,1,1,0,60,2,2,10,0,1,1,1,2,42,59,29,59,20,59,24,79,15,59,12,59,25,30,0,0
Kiso,3,1,20,10,2,1,1,0,0,60,2,2,10,0,0,1,0,1,25,39,10,29,14,39,24,79,13,49,10,49,25,25,200,200
Kiso Kai,3,4,65,10,3,1,1,1,0,60,2,2,10,0,1,1,1,2,42,59,29,59,20,59,24,79,15,59,12,59,25,30,400,750
Kiso Kai2,4,6,0,10,3,0,0,0,0,75,2,6,9,0,1,5,0,1,44,59,24,65,18,64,80,110,24,72,13,69,25,50,0,0
Nagara,3,4,20,10,2,1,1,0,0,60,2,2,10,0,0,1,0,2,26,39,10,29,14,49,24,89,13,59,12,49,25,25,200,200
Nagara Kai,3,5,0,10,3,1,1,1,0,60,2,2,10,0,2,1,1,2,43,59,29,69,20,69,24,89,15,69,12,59,25,30,0,0
Isuzu,3,2,12,10,2,1,1,0,0,60,2,2,10,0,0,1,0,1,26,39,10,29,14,39,24,79,13,49,10,49,25,25,200,200
Isuzu Kai,3,4,50,10,3,1,1,1,0,60,2,2,10,0,1,1,4,2,37,59,29,59,18,59,24,79,40,59,12,59,25,30,270,360
Isuzu Kai2,3,5,0,10,3,0,0,0,0,60,2,2,10,0,1,2,4,2,44,59,30,69,18,59,24,79,45,84,13,67,25,30,0,0
Natori,3,2,20,10,2,1,1,0,0,60,2,2,10,0,0,1,0,1,26,39,10,29,14,39,24,79,13,49,10,49,25,25,200,200
Natori Kai,3,4,0,10,3,1,1,1,0,60,2,2,10,0,1,1,1,2,43,59,29,59,20,69,24,89,15,59,12,59,25,30,0,0
Yura,3,1,20,10,2,1,1,0,0,60,2,2,10,0,0,1,0,1,26,39,10,29,14,39,24,79,13,49,10,49,25,25,200,200
Yura Kai,3,4,0,10,3,1,1,1,0,60,2,2,10,0,1,1,1,2,43,59,29,59,20,59,24,79,15,59,12,59,25,30,0,0
Sendai,3,4,20,10,2,1,1,0,0,60,2,2,10,0,0,1,0,2,26,39,11,29,14,49,24,89,13,59,12,49,25,25,200,200
Sendai Kai,3,5,60,10,3,1,1,1,0,60,2,2,10,0,2,1,1,2,44,59,29,69,20,59,24,79,15,69,12,59,25,30,300,480
Jintsuu,3,1,20,10,2,1,1,0,0,60,2,2,10,0,0,1,0,1,26,39,11,29,14,39,24,79,13,49,10,49,25,25,200,200
Jintsuu Kai,3,4,60,10,3,1,1,1,0,60,2,2,10,0,1,1,1,2,44,59,29,59,20,59,24,79,15,59,12,59,25,30,300,480
Jintsuu Kai2,3,6,0,10,3,1,1,1,0,60,2,2,10,0,1,1,1,2,50,63,29,69,27,70,38,98,18,68,13,79,25,35,0,0
Naka,3,2,20,10,2,1,1,0,0,60,2,2,10,0,0,1,0,1,26,39,11,29,14,39,24,79,13,49,10,49,25,25,200,200
Naka Kai,3,4,48,10,3,1,1,1,0,60,2,2,10,0,1,1,1,2,44,59,29,59,20,59,24,79,15,59,12,59,25,30,480,400
Naka Kai2,3,6,0,10,3,1,1,1,0,60,2,2,10,0,1,1,1,2,48,62,29,68,22,68,28,84,24,72,13,69,25,35,0,0
Chitose,16,2,10,10,2,12,12,0,0,140,3,1,13,4,0,0,1,2,40,59,18,39,9,29,0,0,14,29,10,49,35,35,70,40
Chitose Kai,16,3,12,10,3,12,6,6,0,150,3,1,14,4,0,0,2,2,41,59,20,39,9,29,0,29,15,29,10,49,35,40,70,80
Chitose A,16,3,15,10,3,12,6,6,0,160,3,3,15,3,0,2,1,2,42,59,21,39,9,29,15,72,17,39,10,59,35,45,100,60
Chitose CVL,7,4,35,10,3,21,9,6,0,190,5,5,17,4,0,0,3,2,47,59,25,39,0,19,0,0,20,49,10,59,40,40,550,250
Chitose CVL Kai,7,5,50,10,4,24,16,8,8,190,5,10,24,7,0,0,3,3,57,79,32,64,0,34,0,0,27,69,12,59,45,40,430,370
Chitose CVL Kai2,7,6,0,10,4,24,16,11,8,190,5,10,24,7,0,0,3,3,58,79,32,65,0,34,0,0,30,72,13,59,45,40,0,0
Chiyoda,16,1,10,10,2,12,12,0,0,140,3,1,13,4,0,0,1,2,40,59,18,39,9,29,0,0,14,29,10,49,35,35,70,40
Chiyoda Kai,16,3,12,10,3,12,6,6,0,150,3,1,14,4,0,0,2,2,41,59,20,39,9,29,0,29,15,29,10,49,35,40,70,80
Chiyoda A,16,3,15,10,3,12,6,6,0,160,3,3,15,3,0,2,1,2,42,59,21,39,9,29,15,72,17,39,10,59,35,45,100,60
Chiyoda CVL,7,4,35,10,3,21,9,6,0,190,5,5,17,4,0,0,3,2,47,59,25,39,0,19,0,0,20,49,10,59,40,40,550,250
Chiyoda CVL Kai,7,5,50,10,4,24,16,8,8,190,5,10,24,7,0,0,3,3,57,79,32,64,0,34,0,0,27,69,12,59,45,40,430,370
Chiyoda CVL Kai2,7,6,0,10,4,24,16,11,8,190,5,10,24,7,0,0,3,3,58,79,32,65,0,34,0,0,30,72,13,59,45,40,0,0
Mogami,5,4,10,10,3,2,2,2,0,90,2,3,12,1,2,1,0,2,41,59,31,59,40,59,18,69,20,59,10,49,40,65,210,70
Mogami Kai,6,6,0,10,4,5,6,5,3,100,2,2,13,4,2,1,3,2,50,67,37,71,24,75,18,69,20,59,10,69,50,55,0,0
Furutaka,5,3,25,10,3,2,2,2,0,60,2,2,10,1,2,1,0,2,36,49,25,34,30,54,12,59,16,59,10,49,35,50,250,300
Furutaka Kai,5,4,65,10,4,2,2,2,2,60,3,6,15,1,2,1,1,2,48,65,32,70,36,70,18,59,18,59,10,59,35,55,380,480
Furutaka Kai2,5,6,0,10,4,2,2,2,2,60,3,7,16,1,2,1,1,2,53,65,34,72,39,77,24,75,22,64,14,64,35,65,0,0
Kako,5,1,25,10,3,2,2,2,0,60,2,2,10,1,2,1,0,2,36,49,25,34,30,49,12,49,16,49,10,49,35,50,250,300
Kako Kai,5,4,65,10,4,2,2,2,2,60,3,6,15,1,2,1,1,2,48,65,32,70,36,70,18,59,18,59,10,59,35,55,380,480
Kako Kai2,5,6,0,10,4,2,2,2,2,60,3,7,16,1,2,1,1,2,52,64,33,72,40,78,25,77,24,65,12,62,35,65,0,0
Aoba,5,3,25,10,3,2,2,2,0,60,2,2,10,1,2,1,0,2,37,49,26,37,30,54,12,59,16,59,20,69,35,50,250,300
Aoba Kai,5,4,0,10,4,2,2,2,2,60,3,6,15,1,2,1,1,2,49,65,34,70,36,72,18,59,18,59,30,79,35,55,0,0
Myoukou,5,4,25,10,3,2,2,2,0,80,2,2,12,1,2,1,0,2,44,60,32,49,40,59,24,59,16,64,10,49,40,65,300,450
Myoukou Kai,5,5,70,10,4,2,2,2,2,80,4,7,20,2,3,1,1,2,55,69,42,73,48,76,24,79,18,69,10,59,40,70,800,900
Nachi,5,1,25,10,3,2,2,2,0,80,2,2,12,1,2,1,0,2,44,56,32,49,40,54,24,49,16,54,10,49,40,65,300,450
Nachi Kai,5,4,65,10,4,2,2,2,2,80,4,7,20,2,3,1,1,2,55,69,42,73,48,76,24,69,18,69,10,59,40,70,800,900
Nachi Kai2,5,6,0,10,4,2,2,4,4,80,4,7,20,2,3,1,2,2,56,71,48,78,50,80,34,84,33,83,18,70,45,75,0,0
Ashigara,5,2,25,10,3,2,2,2,0,80,2,2,12,1,2,1,0,2,44,56,32,49,40,54,24,49,16,54,10,49,40,65,300,450
Ashigara Kai,5,4,65,10,4,2,2,2,2,80,4,7,20,2,3,1,1,2,55,69,42,73,48,77,24,69,18,69,10,59,40,70,800,900
Ashigara Kai2,5,6,0,10,4,2,2,4,4,80,4,7,20,2,3,1,2,2,56,71,47,79,53,82,34,84,26,74,20,72,45,75,0,0
Haguro,5,1,25,10,3,2,2,2,0,80,2,2,12,1,2,1,0,2,44,56,32,49,40,54,24,49,16,54,10,49,40,65,300,450
Haguro Kai,5,4,65,10,4,2,2,2,2,80,4,7,20,2,3,1,1,2,55,69,42,73,48,77,24,69,18,69,10,59,40,70,800,900
Takao,5,4,25,10,3,2,2,2,0,85,2,2,12,1,2,1,0,2,45,60,35,49,40,59,24,59,18,66,10,49,40,65,300,450
Takao Kai,5,5,0,10,4,2,2,2,2,85,4,7,20,2,3,1,1,2,57,69,45,75,48,77,24,79,20,69,10,59,40,70,0,0
Atago,5,4,25,10,3,2,2,2,0,85,2,2,12,1,2,1,0,2,45,60,35,49,40,54,24,59,18,56,10,49,40,65,300,450
Atago Kai,5,5,0,10,4,2,2,2,2,85,4,7,20,2,3,1,1,2,57,69,45,75,48,77,24,79,20,69,10,59,40,70,0,0
Maya,5,1,18,10,3,2,2,2,0,85,2,2,12,1,2,1,0,2,45,57,35,49,40,54,24,49,18,56,10,49,40,65,250,300
Maya Kai,5,4,75,10,4,2,2,2,2,85,4,7,20,2,2,1,4,2,55,69,45,75,43,78,24,69,55,89,10,59,40,70,750,1150
Maya Kai2,5,6,0,10,4,3,3,3,3,85,4,6,21,4,2,1,5,2,57,71,48,78,42,77,34,84,72,106,14,64,45,80,0,0
Choukai,5,1,25,10,3,2,2,2,0,85,2,2,12,1,2,1,0,2,45,57,35,49,40,54,24,49,18,56,10,49,40,65,300,450
Choukai Kai,5,4,65,10,4,2,2,2,2,85,4,7,20,2,3,1,1,2,57,69,45,75,48,78,24,69,20,69,10,59,40,70,650,1300
Choukai Kai2,5,6,0,10,4,3,3,3,3,85,4,7,21,3,4,1,2,2,57,72,46,78,55,85,35,86,24,70,19,68,45,80,0,0
Tone,5,4,25,10,3,3,3,3,0,90,2,2,13,2,2,1,1,2,44,62,36,59,32,59,24,59,20,67,10,49,45,60,300,450
Tone Kai,5,5,70,10,4,4,4,4,4,90,5,7,18,3,3,1,2,2,56,69,46,77,42,76,24,79,24,79,10,59,45,65,1000,700
Tone Kai2,6,7,0,10,4,2,2,9,5,90,5,8,18,5,3,1,3,2,59,72,48,79,46,77,32,82,32,82,15,69,50,65,0,0
Chikuma,5,4,25,10,3,3,3,3,0,90,2,2,13,2,2,1,1,2,44,62,36,59,32,59,24,59,20,67,10,49,45,60,300,450
Chikuma Kai,5,5,70,10,4,4,4,4,4,90,5,7,18,3,3,1,2,2,56,69,46,77,42,76,24,79,24,79,10,59,45,65,1000,700
Chikuma Kai2,6,7,0,10,4,2,2,9,5,90,5,8,18,5,3,1,3,2,58,72,48,79,46,77,33,83,33,83,14,67,50,65,0,0
Hiyou,7,4,25,5,4,12,18,18,10,180,6,6,20,6,0,0,3,2,40,64,21,39,0,19,0,0,21,59,10,49,40,40,500,250
Hiyou Kai,7,5,0,5,4,18,18,18,12,180,6,10,25,8,0,0,3,3,50,79,30,59,0,29,0,0,25,69,12,59,45,45,0,0
Jun'you,7,4,25,5,4,12,18,18,10,180,6,6,20,6,0,0,3,2,40,64,21,39,0,19,0,0,21,59,20,79,40,40,500,250
Jun'you Kai,7,5,80,5,4,18,18,18,12,180,6,10,25,8,0,0,3,3,50,79,30,59,0,29,0,0,25,69,30,79,45,45,900,1400
Oboro,2,1,20,10,2,0,0,0,0,20,1,1,5,0,0,1,0,0,15,29,5,19,10,29,27,69,12,39,10,49,15,20,100,100
Oboro Kai,2,4,0,10,3,0,0,0,0,20,1,2,10,0,1,1,1,1,30,49,13,49,12,49,28,79,15,49,12,59,15,20,0,0
Akebono,2,1,20,10,2,0,0,0,0,20,1,1,5,0,0,1,0,0,15,29,5,19,10,29,27,69,12,39,10,49,15,20,100,100
Akebono Kai,2,4,0,10,3,0,0,0,0,20,1,2,10,0,1,1,1,1,30,49,13,49,12,49,28,79,15,49,12,59,15,20,0,0
Sazanami,2,2,20,10,2,0,0,0,0,20,1,1,5,0,0,1,0,0,15,29,5,19,10,29,27,69,12,39,10,49,15,20,100,100
Sazanami Kai,2,4,0,10,3,0,0,0,0,20,1,2,10,0,1,1,1,1,30,49,13,49,12,49,28,79,15,49,12,59,15,20,0,0
Ushio,2,1,20,10,2,0,0,0,0,20,1,1,5,0,0,1,0,0,15,29,5,19,10,29,27,69,12,39,20,79,15,20,100,100
Ushio Kai,2,4,60,10,3,0,0,0,0,20,1,2,10,0,1,1,1,1,30,49,13,49,12,49,28,79,15,49,20,79,15,20,170,30
Ushio Kai2,2,6,0,10,3,0,0,0,0,20,1,2,10,0,1,2,2,1,33,53,15,55,10,50,25,80,24,74,32,80,15,20,0,0
Akatsuki,2,3,20,10,2,0,0,0,0,20,1,1,5,0,1,1,0,0,15,30,6,19,10,29,27,79,12,39,12,49,15,20,100,100
Akatsuki Kai,2,4,70,10,3,0,0,0,0,20,1,2,10,0,1,1,1,1,30,49,13,49,12,49,28,79,15,49,12,59,15,20,190,190
Akatsuki Kai2,2,6,0,10,3,0,0,0,0,20,1,2,10,0,1,2,1,1,31,50,14,50,14,60,32,90,19,59,15,67,15,20,0,0
Hibiki,2,2,20,10,2,0,0,0,0,20,1,1,5,0,0,1,0,0,15,30,6,19,10,29,27,69,12,39,10,49,15,20,100,100
Hibiki Kai,2,4,70,10,3,0,0,0,0,20,1,2,10,0,1,1,1,1,30,49,13,49,12,49,28,79,15,49,12,59,15,20,240,200
Verniy,2,6,0,10,3,0,0,0,0,20,1,3,11,0,1,2,1,1,37,49,15,57,13,54,30,89,18,59,20,77,15,25,0,0
Ikazuchi,2,1,20,10,2,0,0,0,0,20,1,1,5,0,0,1,0,0,15,30,6,19,10,29,27,69,12,39,10,49,15,20,100,100
Ikazuchi Kai,2,4,0,10,3,0,0,0,0,20,1,2,10,0,1,1,1,1,30,49,13,49,12,49,28,79,15,49,12,59,15,20,0,0
Inazuma,2,1,20,10,2,0,0,0,0,20,1,1,5,0,0,1,0,0,15,30,6,19,10,29,27,69,12,39,10,49,15,20,100,100
Inazuma Kai,2,4,0,10,3,0,0,0,0,20,1,2,10,0,1,1,1,1,30,49,13,49,12,49,28,79,15,49,12,59,15,20,0,0
Hatsuharu,2,3,20,10,2,0,0,0,0,20,1,1,5,0,1,1,0,0,16,31,6,19,10,29,27,79,12,39,12,49,15,20,100,100
Hatsuharu Kai,2,4,65,10,3,0,0,0,0,20,1,2,10,0,1,1,1,1,30,48,13,49,12,49,28,79,15,49,12,59,15,20,200,200
Nenohi,2,1,20,10,2,0,0,0,0,20,1,1,5,0,0,1,0,0,16,31,6,19,10,29,27,69,9,39,10,49,15,20,100,100
Nenohi Kai,2,4,0,10,3,0,0,0,0,20,1,2,10,0,1,1,1,1,30,48,13,49,12,49,28,79,15,49,12,59,15,20,0,0
Wakaba,2,2,20,10,2,0,0,0,0,20,1,1,5,0,0,1,0,0,16,31,6,19,10,29,27,69,9,39,10,49,15,20,100,100
Wakaba Kai,2,4,0,10,3,0,0,0,0,20,1,2,10,0,1,1,1,1,30,48,13,49,12,49,28,79,15,49,12,59,15,20,0,0
Hatsushimo,2,2,20,10,2,0,0,0,0,20,1,1,5,0,0,1,0,0,16,31,6,19,10,29,27,69,9,39,10,49,15,20,100,100
Hatsushimo Kai,2,4,70,10,3,0,0,0,0,20,1,2,10,0,1,1,1,1,30,48,13,49,12,49,28,79,15,49,12,59,15,20,220,230
Hatsushimo Kai2,2,6,0,10,3,0,0,0,0,22,1,2,10,0,2,2,1,1,31,52,14,51,12,50,28,84,34,79,53,100,15,20,0,0
Shiratsuyu,2,3,20,10,2,0,0,0,0,22,1,1,5,0,1,1,0,0,16,32,6,19,10,29,24,79,12,39,12,49,15,20,100,100
Shiratsuyu Kai,2,4,0,10,3,0,0,0,0,22,1,2,10,0,1,1,1,1,30,48,14,49,12,49,28,79,15,49,12,59,15,20,0,0
Shigure,2,2,20,10,2,0,0,0,0,22,1,1,5,0,0,1,0,0,16,32,6,19,10,29,24,69,9,39,10,49,15,20,100,100
Shigure Kai,2,4,60,10,3,0,0,0,0,22,1,2,10,0,1,1,1,1,30,48,14,49,12,49,28,79,15,49,12,59,15,20,180,200
Shigure Kai2,2,6,0,10,3,0,0,0,0,22,1,2,10,0,2,2,1,1,31,49,14,52,13,57,28,84,24,72,50,79,15,20,0,0
Murasame,2,2,20,10,2,0,0,0,0,22,1,1,5,0,0,1,0,0,16,32,6,19,10,29,24,69,9,39,10,49,15,20,100,100
Murasame Kai,2,4,0,10,3,0,0,0,0,22,1,2,10,0,1,1,1,1,30,48,14,49,12,49,28,79,15,49,12,59,15,20,0,0
Yuudachi,2,2,20,10,2,0,0,0,0,22,1,1,5,0,0,1,0,0,16,32,6,19,10,29,24,69,9,39,10,49,15,20,100,100
Yuudachi Kai,2,4,55,10,3,0,0,0,0,22,1,2,10,0,1,1,1,1,30,48,14,49,12,49,28,79,15,49,12,59,15,20,180,200
Yuudachi Kai2,2,6,0,10,3,0,0,0,0,22,1,2,10,0,2,2,1,1,31,58,14,52,17,73,37,93,16,59,20,59,15,20,0,0
Samidare,2,2,20,10,2,0,0,0,0,22,1,1,5,0,0,1,0,0,16,32,6,19,10,29,24,69,9,39,10,49,15,20,100,100
Samidare Kai,2,4,0,10,3,0,0,0,0,22,1,2,10,0,1,1,1,1,30,48,14,49,12,49,28,79,15,49,12,59,15,20,0,0
Suzukaze,2,3,20,10,2,0,0,0,0,22,1,1,5,0,1,1,0,0,16,32,6,19,10,29,24,79,9,39,12,49,15,20,100,100
Suzukaze Kai,2,4,0,10,3,0,0,0,0,22,1,2,10,0,1,1,1,1,30,48,14,49,12,49,28,79,15,49,12,59,15,20,0,0
Asashio,2,3,20,10,2,0,0,0,0,22,1,1,5,0,1,1,0,0,16,33,6,19,10,29,24,79,12,39,12,49,15,20,100,100
Asashio Kai,2,4,0,10,3,0,0,0,0,22,1,2,10,0,1,1,1,1,31,49,14,49,12,49,28,79,16,49,12,59,15,20,0,0
Ooshio,2,1,20,10,2,0,0,0,0,22,1,1,5,0,0,1,0,1,16,33,6,19,10,29,24,69,9,39,10,49,15,20,100,100
Ooshio Kai,2,4,0,10,3,0,0,0,0,22,1,2,10,0,1,1,1,1,31,49,14,49,12,49,28,79,16,49,12,59,15,20,0,0
Michishio,2,1,20,10,2,0,0,0,0,22,1,1,5,0,0,1,0,1,16,33,6,19,10,29,24,69,9,39,10,49,15,20,100,100
Michishio Kai,2,4,0,10,3,0,0,0,0,22,1,2,10,0,1,1,1,1,31,49,14,49,12,49,28,79,16,49,12,59,15,20,0,0
Arashio,2,1,20,10,2,0,0,0,0,22,1,1,5,0,0,1,0,1,16,33,6,19,10,29,24,69,9,39,10,49,15,20,100,100
Arashio Kai,2,4,0,10,3,0,0,0,0,22,1,2,10,0,1,1,1,1,31,49,14,49,12,49,28,79,16,49,12,59,15,20,0,0
Arare,2,1,20,10,2,0,0,0,0,22,1,1,5,0,0,1,0,1,16,33,6,19,10,29,24,69,9,39,10,49,15,20,100,100
Arare Kai,2,4,0,10,3,0,0,0,0,22,1,2,10,0,1,1,1,1,31,49,14,49,12,49,28,79,16,49,12,59,15,20,0,0
Kasumi,2,2,20,10,2,0,0,0,0,22,1,1,5,0,0,1,0,1,16,33,6,19,10,29,24,69,9,39,15,59,15,20,100,100
Kasumi Kai,2,4,75,10,3,0,0,0,0,22,1,2,10,0,1,1,1,1,31,49,14,49,12,49,28,79,16,49,20,79,15,20,390,300
Kasumi Kai2,2,6,88,10,3,0,0,0,0,22,1,2,10,0,2,2,1,1,31,53,14,50,16,63,33,92,24,72,37,97,15,20,300,390
Kasumi Kai2 B,2,7,88,10,3,0,0,0,0,22,1,2,10,0,1,2,2,1,31,53,15,52,12,59,30,83,32,80,37,97,15,20,390,300
Kagerou,2,3,20,10,2,0,0,0,0,24,1,1,6,0,1,1,0,1,16,34,6,19,10,29,24,79,12,39,12,49,15,20,100,100
Kagerou Kai,2,4,0,10,3,0,0,0,0,24,1,2,10,0,1,1,1,1,32,49,14,49,12,49,28,79,16,49,12,59,15,20,0,0
Shiranui,2,2,20,10,2,0,0,0,0,24,1,1,6,0,0,1,0,1,16,34,6,19,10,29,24,69,9,39,10,49,15,20,100,100
Shiranui Kai,2,4,0,10,3,0,0,0,0,24,1,2,10,0,1,1,1,1,32,49,14,49,12,49,28,79,16,49,12,59,15,20,0,0
Kuroshio,2,1,20,10,2,0,0,0,0,24,1,1,6,0,0,1,0,1,16,34,6,19,10,29,24,69,9,39,10,49,15,20,100,100
Kuroshio Kai,2,4,0,10,3,0,0,0,0,24,1,2,10,0,1,1,1,1,32,49,14,49,12,49,28,79,16,49,12,59,15,20,0,0
Shouhou,7,4,25,10,3,18,9,3,0,160,2,2,13,4,0,0,2,2,32,55,19,39,0,19,0,0,14,29,10,49,35,35,380,210
Shouhou Kai,7,5,0,10,4,18,12,12,6,160,4,6,20,6,0,0,3,2,45,69,25,59,0,29,0,0,18,39,12,59,40,40,0,0
Shoukaku,11,5,30,10,4,21,21,21,12,360,7,10,30,10,0,0,4,3,62,79,33,49,0,39,0,0,29,69,10,49,55,55,750,350
Shoukaku Kai,11,6,80,10,4,24,24,24,12,360,7,10,30,10,0,0,4,3,75,90,42,72,0,39,0,0,40,79,12,89,65,70,3700,1200
Shoukaku Kai2,11,8,88,10,4,27,27,27,12,360,12,16,38,17,0,0,5,5,77,93,43,77,0,63,0,0,48,88,20,97,90,85,5700,1700
Shoukaku Kai2 A,18,8,88,10,4,34,21,12,9,360,12,16,40,16,0,0,5,6,78,94,49,83,0,70,0,0,48,88,20,97,100,85,4500,1200
Zuikaku,11,6,25,10,4,21,21,21,12,360,7,10,30,10,0,0,4,3,62,79,33,49,0,39,0,0,29,69,40,89,55,55,750,350
Zuikaku Kai,11,7,77,10,4,24,24,24,12,360,7,10,30,10,0,0,4,3,75,90,42,72,0,39,0,0,40,79,42,89,65,70,3700,1200
Zuikaku Kai2,11,8,90,10,4,28,26,26,13,360,12,16,38,17,0,0,5,5,78,93,44,78,0,56,0,0,54,90,50,99,90,85,5750,1700
Zuikaku Kai2 A,18,8,90,10,4,34,24,12,6,360,12,16,40,16,0,0,5,6,79,94,49,84,0,65,0,0,54,90,50,99,100,85,4550,1200
Kinu,3,4,17,10,2,1,1,0,0,75,2,2,10,0,0,1,0,1,26,39,10,29,14,39,24,79,13,49,12,49,25,25,200,200
Kinu Kai,3,5,0,10,3,1,1,1,0,75,2,2,10,0,1,1,1,2,41,59,29,59,20,59,24,79,15,59,12,59,25,35,0,0
Abukuma,3,5,17,10,2,1,1,0,0,75,2,2,10,0,0,1,0,1,27,39,10,29,14,39,24,79,13,49,12,49,25,25,200,200
Abukuma Kai,3,6,75,10,3,1,1,1,0,75,2,2,10,0,1,1,1,2,42,59,29,59,20,59,24,79,15,59,12,59,25,35,550,400
Abukuma Kai2,3,7,0,10,3,1,1,1,0,75,2,2,10,0,1,2,2,2,45,61,29,68,16,56,34,94,35,78,20,74,25,35,0,0
Yuubari,3,5,25,10,3,0,0,0,0,82,2,2,7,0,1,1,1,1,19,33,10,29,17,42,20,69,10,42,12,49,20,30,280,240
Yuubari Kai,3,6,0,10,4,0,0,0,0,82,2,2,7,0,1,1,2,1,36,49,28,49,23,63,24,79,20,69,17,69,25,40,0,0
Zuihou,7,5,25,10,3,18,9,3,0,160,2,2,13,4,0,0,2,2,32,55,19,39,0,19,0,0,14,29,30,79,35,35,380,210
Zuihou Kai,7,6,0,10,4,18,12,12,6,160,4,6,20,6,0,0,3,2,45,69,25,59,0,29,0,0,18,39,40,89,40,40,0,0
Mikuma,5,5,30,10,3,2,2,2,0,90,2,3,12,1,2,1,0,2,40,59,30,59,40,59,18,69,18,59,5,49,40,65,270,110
Mikuma Kai,6,6,0,10,4,5,6,5,3,100,2,2,13,4,2,1,3,2,50,67,37,71,24,75,18,69,20,59,10,69,50,55,0,0
Hatsukaze,2,4,20,10,2,0,0,0,0,24,1,1,6,0,0,1,0,1,16,34,6,19,10,29,24,69,9,39,10,49,15,20,100,100
Hatsukaze Kai,2,5,0,10,3,0,0,0,0,24,1,2,10,0,1,1,1,1,32,49,14,49,12,49,28,79,16,49,12,59,15,20,0,0
Maikaze,2,4,20,10,2,0,0,0,0,24,1,1,6,0,0,1,0,1,16,34,6,19,10,29,24,69,9,39,10,49,15,20,100,100
Maikaze Kai,2,5,0,10,3,0,0,0,0,24,1,2,10,0,1,1,1,1,32,49,14,49,12,49,28,79,16,49,12,59,15,20,0,0
Kinugasa,5,4,25,10,3,2,2,2,0,60,2,2,10,1,2,1,0,2,37,49,26,37,30,54,12,59,16,59,20,69,35,50,250,300
Kinugasa Kai,5,5,55,10,4,2,2,2,2,60,3,6,15,1,2,1,1,2,49,65,34,64,36,66,18,59,18,59,10,59,35,60,380,480
Kinugasa Kai2,5,6,0,10,4,2,2,2,2,60,3,7,16,1,2,1,1,2,53,65,35,73,38,78,24,74,22,66,13,65,35,65,0,0
I-19,13,4,50,5,1,0,0,0,0,22,1,2,2,1,0,2,0,0,14,19,4,18,2,9,36,79,0,0,12,49,10,20,140,200
I-19 Kai,14,5,0,5,2,1,1,0,0,22,1,2,2,2,0,2,1,0,18,24,5,19,3,12,42,89,0,0,13,59,10,25,0,0
Suzuya,5,4,35,10,3,2,2,2,0,90,2,3,12,1,2,1,0,2,40,59,30,59,40,59,18,69,18,59,5,49,40,65,270,110
Suzuya Kai,6,5,0,10,4,5,6,5,3,100,2,2,13,4,2,1,3,2,50,67,37,71,24,75,18,69,20,59,10,69,50,55,0,0
Kumano,5,4,35,10,3,2,2,2,0,90,2,3,12,1,2,1,0,2,40,59,30,59,40,59,18,69,18,59,5,49,40,65,270,110
Kumano Kai,6,5,0,10,4,5,6,5,3,100,2,2,13,4,2,1,3,2,50,67,37,71,24,75,18,69,20,59,10,69,50,55,0,0
I-168,13,3,50,5,1,0,0,0,0,22,1,2,2,1,0,2,0,0,10,17,3,17,2,7,24,59,0,0,10,49,10,20,130,200
I-168 Kai,13,4,0,5,2,0,0,0,0,22,1,2,2,1,0,2,0,0,15,19,5,18,3,11,30,69,0,0,10,49,10,20,0,0
I-58,13,4,50,5,1,0,0,0,0,22,1,2,2,1,0,2,0,0,14,19,4,19,2,9,30,69,0,0,40,79,10,20,140,200
I-58 Kai,14,5,0,5,2,1,1,0,0,22,1,2,2,2,0,2,1,0,18,24,5,19,3,12,36,84,0,0,50,79,10,25,0,0
I-8,13,5,50,5,1,0,0,0,0,22,1,2,2,1,0,2,0,0,15,19,4,19,2,9,30,69,0,0,20,59,10,20,150,200
I-8 Kai,14,6,0,5,2,1,1,0,0,22,1,2,2,2,0,2,1,0,19,25,5,19,4,14,36,84,0,0,25,69,10,25,0,0
Yamato,9,8,60,5,4,7,7,7,7,480,35,50,100,10,7,0,2,5,93,98,88,108,96,129,0,0,50,94,12,79,250,300,3000,2500
Yamato Kai,9,8,0,5,4,7,7,7,7,480,35,50,110,20,6,0,3,6,96,108,92,118,92,139,0,0,68,104,13,79,250,325,0,0
Akigumo,2,4,30,10,2,0,0,0,0,24,1,1,6,0,0,1,0,1,16,34,6,19,10,29,24,69,9,39,14,49,15,20,110,120
Akigumo Kai,2,5,0,10,3,0,0,0,0,24,1,2,10,0,1,1,1,1,32,49,14,49,8,44,28,79,22,59,15,59,15,20,0,0
Yuugumo,2,4,30,10,2,0,0,0,0,24,1,1,6,0,0,1,0,1,16,34,6,19,10,30,24,69,9,39,12,49,15,20,110,130
Yuugumo Kai,2,5,0,10,3,0,0,0,0,24,1,2,10,0,1,1,1,1,32,49,14,49,12,50,28,80,16,50,12,59,15,20,0,0
Makigumo,2,4,30,10,2,0,0,0,0,24,1,1,6,0,0,1,0,1,16,34,6,19,10,30,24,69,9,39,11,49,15,20,110,120
Makigumo Kai,2,5,0,10,3,0,0,0,0,24,1,2,10,0,1,1,1,1,32,49,14,49,12,50,28,80,16,50,12,59,15,20,0,0
Naganami,2,4,30,10,2,0,0,0,0,24,1,1,6,0,0,1,0,1,16,34,6,19,10,30,24,69,9,39,13,49,15,20,110,130
Naganami Kai,2,5,0,10,3,0,0,0,0,24,1,2,10,0,1,1,1,1,32,49,14,49,12,50,28,80,16,50,14,59,15,20,0,0
Agano,3,5,35,10,3,2,2,2,0,60,3,4,13,1,1,1,1,2,30,45,17,32,20,42,24,72,17,60,10,49,30,35,300,220
Agano Kai,3,6,0,10,3,2,2,2,0,60,3,5,14,1,2,1,1,2,45,62,31,69,28,66,24,79,20,72,10,59,30,40,0,0
Noshiro,3,5,35,10,3,2,2,2,0,60,3,4,13,1,1,1,1,2,30,45,17,32,20,42,24,72,17,60,10,49,30,35,300,220
Noshiro Kai,3,6,0,10,3,2,2,2,0,60,3,5,14,1,2,1,1,2,45,62,31,69,28,66,24,79,20,72,10,64,30,40,0,0
Yahagi,3,6,35,10,3,2,2,2,0,60,3,4,13,1,1,1,1,2,31,45,17,33,20,42,24,72,17,63,13,59,30,35,300,220
Yahagi Kai,3,8,0,10,3,2,2,2,0,60,3,5,14,1,2,1,1,2,47,63,32,69,28,68,24,79,22,74,14,69,30,40,0,0
Musashi,9,7,40,5,4,7,7,7,7,480,35,50,100,10,7,0,2,5,94,98,88,108,96,129,0,0,50,94,10,79,250,300,3000,2500
Musashi Kai,9,7,0,5,4,7,7,7,7,480,35,50,110,20,6,0,3,6,97,108,92,119,92,139,0,0,60,99,9,79,250,325,0,0
Taihou,18,7,40,10,4,18,18,18,7,400,8,15,36,12,0,0,5,5,67,87,40,79,0,49,0,0,42,79,2,19,70,65,900,450
Taihou Kai,18,7,0,10,4,30,24,24,8,400,9,16,36,14,0,0,5,5,70,90,44,84,0,59,0,0,45,86,4,39,90,75,0,0
I-401,14,6,35,5,1,3,0,0,0,200,1,2,3,2,0,1,1,1,20,24,5,24,2,9,36,72,0,0,20,59,20,15,300,100
I-401 Kai,14,7,0,5,2,3,3,0,0,200,1,2,4,3,0,2,1,1,24,39,7,24,6,19,40,80,0,0,20,59,25,30,0,0
Akitsu Maru,17,5,25,5,2,0,0,0,0,150,2,2,12,2,0,0,1,1,38,49,13,33,6,19,0,0,13,29,10,39,40,10,200,80
Akitsu Maru Kai,17,6,0,5,3,8,8,8,0,150,2,2,13,5,1,0,1,1,40,59,15,43,8,33,0,0,15,37,13,49,45,25,0,0
Maruyu,13,5,20,5,0,0,0,0,0,17,1,0,1,0,0,0,0,1,6,9,2,9,1,3,0,9,0,0,7,77,10,5,50,20
Maruyu Kai,13,6,0,5,1,0,0,0,0,17,1,0,1,0,0,1,0,1,7,13,2,11,1,5,0,19,0,0,7,77,10,10,0,0
Yayoi,2,4,20,10,2,0,0,0,0,18,1,1,4,0,1,1,0,0,13,24,5,18,6,29,18,49,7,29,10,49,15,15,100,100
Yayoi Kai,2,5,0,10,3,0,0,0,0,18,1,1,4,0,1,1,0,0,24,39,11,39,9,39,18,69,12,39,12,59,15,15,0,0
Uzuki,2,4,25,10,2,0,0,0,0,18,1,1,4,0,0,1,0,0,13,24,5,18,6,29,18,49,7,29,10,49,15,15,100,100
Uzuki Kai,2,5,0,10,3,0,0,0,0,18,1,1,4,0,0,1,0,0,24,39,12,39,7,34,18,69,18,49,14,59,15,15,0,0
Bismarck,8,7,30,10,4,4,4,4,4,300,10,16,38,4,3,0,1,3,90,96,67,83,64,88,0,0,18,48,8,69,90,110,600,800
Bismarck Kai,8,7,50,10,4,4,4,4,4,300,12,18,40,4,4,0,1,4,94,99,77,93,70,93,0,0,24,58,10,79,95,115,1200,1600
Bismarck Zwei,8,7,75,10,4,4,4,4,4,300,12,18,40,4,4,0,2,4,96,99,80,94,70,97,0,0,25,62,20,82,105,135,1800,2400
Z1,2,5,30,10,3,0,0,0,0,24,1,1,6,0,1,1,0,0,18,29,8,22,8,26,24,60,12,42,6,39,20,20,170,150
Z1 Kai,2,6,70,10,3,0,0,0,0,24,1,1,6,0,1,1,0,0,33,59,15,45,11,45,25,70,15,45,12,49,20,25,350,300
Z1 Zwei,2,7,0,10,3,0,0,0,0,24,1,1,6,0,1,1,0,0,35,59,18,53,12,49,27,71,20,64,15,49,20,25,0,0
Z3,2,5,30,10,3,0,0,0,0,24,1,1,6,0,1,1,0,0,18,29,8,22,8,26,24,60,12,42,6,39,20,20,170,150
Z3 Kai,2,6,70,10,3,0,0,0,0,24,1,1,6,0,1,1,0,0,33,59,15,45,11,45,25,70,15,45,12,49,20,25,350,300
Z3 Zwei,2,7,0,10,3,0,0,0,0,24,1,1,6,0,1,1,0,0,35,59,18,53,10,47,27,71,24,68,15,49,20,25,0,0
Hamakaze,2,4,30,10,2,0,0,0,0,24,1,1,6,0,0,1,0,1,16,34,6,19,10,29,24,69,13,42,15,49,15,20,100,100
Hamakaze Kai,2,5,0,10,3,0,0,0,0,24,1,2,10,0,1,1,1,1,32,49,14,49,12,48,28,79,22,60,17,59,15,20,0,0
Amatsukaze,2,6,20,10,3,0,0,0,0,30,1,1,6,0,1,1,1,1,18,37,7,25,10,29,28,79,22,53,18,59,20,20,120,100
Amatsukaze Kai,2,7,0,10,3,0,0,0,0,24,1,2,10,0,1,1,1,1,34,54,14,61,12,49,32,84,23,63,17,69,20,20,0,0
Tanikaze,2,4,30,10,2,0,0,0,0,24,1,1,6,0,0,1,0,1,16,34,6,19,10,29,24,69,10,40,14,49,15,20,100,100
Tanikaze Kai,2,5,0,10,3,0,0,0,0,24,1,2,10,0,1,1,1,1,32,49,14,49,12,48,28,79,16,49,16,59,15,20,0,0
Akashi,19,6,35,5,3,0,0,0,0,220,3,1,15,3,0,0,1,1,39,48,7,19,4,14,0,0,10,24,10,39,50,10,1500,200
Akashi Kai,19,7,0,5,4,0,0,0,0,150,3,2,16,3,0,0,1,1,45,58,9,27,6,24,0,0,16,36,12,49,55,15,0,0
Sakawa,3,5,35,10,3,2,2,2,0,60,3,4,13,1,1,1,1,2,31,45,17,32,19,41,23,71,17,62,20,49,30,35,300,220
Sakawa Kai,3,6,0,10,3,2,2,2,0,60,3,5,14,1,2,1,1,2,46,62,31,69,27,64,23,78,19,73,30,74,30,40,0,0
Urakaze,2,4,35,10,2,0,0,0,0,24,1,1,6,0,0,1,0,1,16,34,6,19,10,29,24,69,10,40,13,49,15,20,110,140
Urakaze Kai,2,5,0,10,3,0,0,0,0,24,1,2,10,0,1,1,1,1,32,49,14,49,12,48,28,79,16,49,13,59,15,20,0,0
Haguro Kai2,5,5,0,10,4,2,2,4,4,80,4,7,20,2,3,1,2,2,57,71,47,77,52,84,34,84,24,72,19,70,45,75,0,0
Ryuujou Kai2,7,6,0,10,4,18,28,6,3,170,4,12,22,6,0,0,3,3,50,72,28,62,0,40,0,0,24,48,15,59,40,45,0,0
Hiryuu Kai2,11,8,0,10,4,18,36,22,3,250,10,14,32,11,0,0,4,5,67,89,37,76,0,64,0,0,33,82,50,92,70,75,0,0
Souryuu Kai2,11,8,0,10,4,18,35,20,6,250,10,14,32,11,0,0,4,5,67,89,36,75,0,57,0,0,34,84,15,59,70,75,0,0
Taigei,20,4,25,5,3,2,3,3,0,150,2,2,12,2,0,0,1,2,39,55,15,37,5,15,0,0,16,36,20,59,35,10,700,450
Ryuuhou,7,5,50,5,3,18,7,6,0,160,2,3,13,4,0,0,2,2,39,57,18,38,0,20,0,0,24,48,20,69,35,35,450,550
Ryuuhou Kai,7,6,0,5,4,21,9,9,6,160,4,8,24,5,0,0,2,2,48,70,24,57,0,32,0,0,28,62,24,79,35,40,0,0
Sendai Kai2,3,6,0,10,3,1,1,1,0,60,2,2,10,0,1,1,1,2,48,64,29,69,24,67,26,88,20,70,14,79,25,35,0,0
Ayanami Kai2,2,6,0,10,3,0,0,0,0,20,1,2,10,0,2,2,1,1,32,54,15,54,17,70,30,87,16,52,40,77,15,20,0,0
Myoukou Kai2,5,6,0,10,4,2,2,4,4,80,4,7,20,2,3,1,2,2,56,71,47,78,50,80,36,88,28,80,32,79,45,75,0,0
Haruna Kai2,8,7,0,10,4,3,3,3,3,240,10,14,33,3,4,0,2,4,81,99,70,93,75,96,0,0,41,92,41,89,100,125,0,0
Isokaze,2,5,45,10,2,0,0,0,0,24,1,1,6,0,0,1,0,1,16,34,6,19,10,29,24,69,14,44,16,54,15,20,140,160
Isokaze Kai,2,6,0,10,3,0,0,0,0,24,1,2,10,0,1,1,1,1,33,49,14,49,12,48,28,79,24,64,18,59,15,20,0,0
Ooyodo,3,6,35,10,3,0,6,6,0,80,4,2,14,2,1,0,2,2,34,47,19,34,24,48,0,39,18,62,24,69,35,30,400,320
Ooyodo Kai,3,7,0,10,4,0,6,6,0,80,4,3,14,3,2,0,2,2,47,64,32,68,32,63,0,49,22,74,30,79,35,35,0,0
Tokitsukaze,2,5,30,10,2,0,0,0,0,24,1,1,6,0,0,1,0,1,16,34,6,19,10,29,24,69,10,40,13,49,15,20,120,110
Tokitsukaze Kai,2,6,0,10,3,0,0,0,0,24,1,2,10,0,1,1,1,1,32,49,14,49,12,48,28,79,16,49,12,59,15,20,0,0
Unryuu,11,6,50,10,4,18,24,3,6,210,7,9,26,5,0,0,3,3,48,79,26,52,0,27,0,0,28,72,10,49,50,45,750,1000
Unryuu Kai,11,7,0,10,4,18,21,27,3,210,7,13,30,10,0,0,4,3,60,84,35,77,0,48,0,0,32,78,12,59,50,55,0,0
Harusame,2,4,30,10,2,0,0,0,0,22,1,1,5,0,1,1,0,0,16,32,6,19,10,29,24,69,9,39,10,49,15,20,110,120
Harusame Kai,2,5,0,10,3,0,0,0,0,22,1,2,10,0,1,1,1,1,30,49,14,49,12,49,28,79,15,49,12,59,15,20,0,0
Hayashimo,2,4,30,10,2,0,0,0,0,24,1,1,6,0,0,1,0,1,16,34,6,19,10,30,24,69,9,39,11,49,15,20,110,140
Hayashimo Kai,2,5,0,10,3,0,0,0,0,24,1,2,10,0,1,1,1,1,32,49,14,49,12,50,28,80,16,50,12,59,15,20,0,0
Kiyoshimo,2,4,30,10,2,0,0,0,0,24,1,1,6,0,0,1,0,1,16,34,6,19,10,30,24,69,9,39,12,49,15,20,110,140
Kiyoshimo Kai,2,5,0,10,3,0,0,0,0,24,1,2,10,0,1,1,1,1,32,49,14,49,12,50,28,80,16,50,13,59,15,20,0,0
Bismarck Drei,8,7,0,10,4,4,4,4,4,300,12,20,42,4,4,1,2,4,96,99,82,95,74,99,16,36,35,70,22,84,110,155,0,0
Jun'you Kai2,7,6,0,5,4,24,18,20,4,180,6,14,26,10,0,0,4,3,55,82,31,62,0,40,0,0,36,74,41,84,45,50,0,0
Prinz Eugen,5,6,45,10,3,3,3,3,0,200,2,3,15,2,2,1,0,2,50,72,38,64,38,56,32,64,16,44,30,79,50,70,700,600
Prinz Eugen Kai,5,7,0,10,4,3,3,3,3,200,4,8,22,3,3,2,1,3,63,79,48,82,48,75,40,84,18,60,40,89,55,75,0,0
Hatsuharu Kai2,2,6,0,10,3,0,0,0,0,20,1,2,10,0,1,2,1,1,31,52,14,51,13,52,32,88,23,73,16,59,15,20,0,0
Asagumo,2,4,35,10,2,0,0,0,0,22,1,1,5,0,0,1,0,1,16,33,6,19,10,29,24,69,9,39,8,49,15,20,110,140
Asagumo Kai,2,5,0,10,3,0,0,0,0,22,1,2,10,0,1,1,1,1,31,49,14,49,12,49,28,79,16,49,12,59,15,20,0,0
Nowaki,2,5,35,10,2,0,0,0,0,24,1,1,6,0,0,1,0,1,16,34,6,19,10,29,24,69,12,44,14,49,15,20,110,140
Nowaki Kai,2,6,0,10,3,0,0,0,0,24,1,2,10,0,1,1,1,1,32,49,14,49,12,48,28,79,16,49,13,59,15,20,0,0
Akizuki,2,6,40,10,3,0,0,0,0,30,1,2,13,1,0,1,3,1,20,40,9,27,16,48,16,48,70,104,10,59,20,25,170,270
Akizuki Kai,2,7,0,10,3,0,0,0,0,30,1,2,13,1,1,1,3,1,37,57,16,53,24,57,24,54,80,116,12,69,20,25,0,0
Fusou Kai2,10,6,0,5,4,4,4,9,23,260,12,15,38,5,5,0,3,4,77,94,72,90,80,99,0,0,44,88,13,69,105,140,0,0
Yamashiro Kai2,10,6,0,5,4,4,4,9,23,260,12,15,38,5,5,0,3,4,77,94,73,91,80,98,0,0,43,87,14,70,105,140,0,0
Yamagumo,2,4,35,10,2,0,0,0,0,22,1,1,5,0,0,1,0,1,16,33,6,19,10,29,24,69,9,39,7,49,15,20,110,140
Yamagumo Kai,2,5,0,10,3,0,0,0,0,22,1,2,10,0,1,1,1,1,31,49,14,48,12,49,28,79,16,49,11,58,15,20,0,0
Katori,21,4,35,5,3,1,1,1,0,70,3,1,10,0,0,1,0,1,36,48,9,27,14,28,12,28,14,42,10,49,30,15,400,120
Katori Kai,21,5,0,5,4,2,2,2,2,70,3,2,11,1,1,1,2,1,40,54,15,39,16,36,14,40,24,48,12,54,35,20,0,0
Amagi,11,6,50,10,4,18,24,3,6,210,7,9,26,5,0,0,3,3,48,79,26,51,0,25,0,0,27,72,13,59,50,45,750,1000
Amagi Kai,11,7,0,10,4,18,21,27,3,210,7,13,30,10,0,0,4,3,60,84,35,76,0,45,0,0,33,79,17,69,50,55,0,0
U-511,13,5,35,5,1,0,0,0,0,22,1,2,2,1,0,2,0,0,8,16,4,16,2,8,22,58,0,0,30,63,10,20,170,270
U-511 Kai,13,6,55,5,2,0,0,0,0,22,1,2,2,1,1,2,0,0,13,18,6,20,3,12,27,64,0,0,34,67,10,20,170,270
Ro-500,13,7,0,5,2,0,0,0,0,22,1,2,2,1,1,2,0,0,13,19,7,21,4,13,30,69,0,0,44,77,10,20,0,0
Asashimo,2,4,45,10,2,0,0,0,0,24,1,1,6,0,0,1,0,1,16,34,6,19,10,29,24,68,9,44,16,59,15,20,150,170
Asashimo Kai,2,5,0,10,3,0,0,0,0,24,1,3,10,1,0,1,1,1,33,49,14,49,12,47,28,78,22,62,18,68,15,20,0,0
Katsuragi,11,6,50,10,4,18,24,3,6,210,7,9,26,5,0,0,3,3,48,79,27,52,0,25,0,0,27,72,20,69,50,45,750,1000
Katsuragi Kai,11,7,0,10,4,18,21,27,3,210,7,13,30,10,0,0,4,3,60,84,36,78,0,45,0,0,32,78,30,79,50,55,0,0
Takanami,2,4,30,10,2,0,0,0,0,24,1,1,6,0,0,1,0,1,16,34,6,19,10,30,24,69,9,39,8,44,15,20,110,130
Takanami Kai,2,5,0,10,3,0,0,0,0,24,1,2,10,0,1,1,1,1,32,49,14,49,12,50,28,80,16,50,10,57,15,20,0,0
Littorio,8,6,35,10,4,3,3,3,3,300,10,18,37,6,3,0,1,3,88,94,72,86,78,97,0,0,40,72,20,69,130,150,900,1500
Italia,8,7,0,10,4,3,3,3,3,300,18,28,39,7,5,0,2,3,92,98,77,92,81,102,0,0,44,90,30,79,140,170,0,0
Roma,8,6,35,10,4,3,3,3,3,300,10,18,37,6,3,0,1,3,88,94,71,85,79,98,0,0,44,74,6,39,130,150,900,1500
Roma Kai,8,7,0,10,4,3,3,3,3,300,18,28,39,7,5,0,2,3,92,98,76,90,82,105,0,0,46,94,8,57,140,170,0,0
Akitsushima,16,7,35,5,2,1,1,0,0,70,3,1,7,4,0,0,1,1,32,44,9,25,6,18,0,0,12,36,12,59,50,10,350,700
Akitsushima Kai,16,8,0,5,3,1,1,1,0,70,3,1,7,6,0,0,2,1,36,48,13,42,8,28,0,0,16,44,14,72,60,15,0,0
Libeccio,2,6,30,10,2,0,0,0,0,23,1,1,6,0,1,1,0,0,15,30,7,18,9,27,22,58,11,41,12,59,15,20,100,170
Libeccio Kai,2,7,0,10,3,0,0,0,0,23,1,2,10,0,1,1,1,1,29,46,15,50,11,48,27,72,20,59,16,69,15,20,0,0
Teruzuki,2,6,40,10,3,0,0,0,0,30,1,2,13,1,0,1,3,1,20,40,9,26,16,49,16,49,70,103,9,49,20,25,170,270
Teruzuki Kai,2,7,0,10,3,0,0,0,0,30,1,2,13,1,1,1,3,1,37,57,16,52,24,58,25,56,80,114,11,59,20,25,0,0
Mizuho,16,5,40,5,2,12,12,0,0,140,3,2,12,5,1,0,1,2,41,59,19,42,12,36,0,32,16,32,8,39,35,35,160,220
Mizuho Kai,16,5,0,5,3,12,12,8,0,140,3,3,15,5,1,2,1,2,42,62,24,48,18,45,15,72,18,44,10,54,40,45,0,0
Kazagumo,2,3,30,10,2,0,0,0,0,24,1,1,6,0,0,1,0,1,16,34,6,19,10,30,25,70,10,40,13,54,15,20,120,140
Kazagumo Kai,2,3,0,10,3,0,0,0,0,24,1,2,10,0,1,1,1,1,32,49,14,49,12,50,29,81,17,51,14,69,15,20,0,0
Umikaze,2,4,30,10,2,0,0,0,0,22,1,1,5,0,0,1,0,0,16,32,6,19,10,29,24,69,10,40,10,49,15,20,100,150
Umikaze Kai,2,4,0,10,3,0,0,0,0,22,1,2,10,0,1,1,1,1,30,48,14,49,12,49,28,79,16,50,13,64,15,20,0,0
Kawakaze,2,4,30,10,2,0,0,0,0,22,1,1,5,0,0,1,0,0,16,32,6,19,10,29,25,70,9,39,10,49,15,20,100,150
Kawakaze Kai,2,5,0,10,3,0,0,0,0,22,1,2,10,0,1,1,1,1,30,48,14,49,12,49,29,80,15,49,12,59,15,20,0,0
Hayasui,22,6,25,5,2,6,1,0,0,220,6,0,20,1,0,0,1,1,43,50,3,15,4,22,0,0,10,32,7,39,100,15,270,200
Hayasui Kai,22,7,0,5,3,6,3,1,0,220,8,1,20,1,1,1,2,1,48,50,6,19,8,36,0,0,20,48,8,44,120,20,0,0
Graf Zeppelin,11,7,50,10,3,20,13,10,0,270,8,15,32,7,2,0,3,4,70,89,29,57,10,40,0,0,40,70,4,39,55,65,1300,900
Graf Zeppelin Kai,11,7,0,10,4,30,13,10,3,270,10,17,36,8,2,0,4,4,78,92,42,80,15,50,0,0,44,80,7,47,70,80,0,0
Arashi,2,5,35,10,2,0,0,0,0,24,1,1,6,0,0,1,0,1,16,34,6,19,10,29,24,69,9,39,11,49,15,20,110,140
Arashi Kai,2,6,0,10,3,0,0,0,0,24,1,2,10,0,1,1,1,1,32,49,14,49,12,49,28,79,16,49,12,63,15,20,0,0
Hagikaze,2,5,35,10,2,0,0,0,0,24,1,1,6,0,0,1,0,1,16,34,6,19,11,30,24,69,9,39,11,49,15,20,110,140
Hagikaze Kai,2,6,0,10,3,0,0,0,0,24,1,2,10,0,1,1,1,1,32,49,14,49,13,50,28,79,16,49,12,63,15,20,0,0
Kashima,21,3,35,5,3,1,1,1,0,70,3,1,10,0,0,1,0,1,36,48,9,27,13,27,11,24,15,46,20,69,30,15,400,120
Kashima Kai,21,5,0,5,4,2,2,2,2,70,3,2,11,1,1,1,2,1,40,54,15,39,14,37,13,39,22,62,20,79,35,20,0,0
